Type,Expression,Description,Alternative_1,Alternative_2,Alternative_3
Metaphor,He has a heart of stone,He is emotionally cold and unfeeling.,He prioritizes logic over emotion in decisions.,He often appears detached from others.,He avoids intimate relationships.
Metaphor,Her voice is music to my ears,Her voice is very pleasant to hear.,Her singing can easily distract from conversation.,Her voice tends to be high-pitched and soft.,She often uses it to manipulate emotions.
Metaphor,He is a night owl,He stays up late and is active at night.,He struggles to wake up early for commitments.,He prefers solitude during nighttime hours.,He often misses morning opportunities.
Metaphor,He is the black sheep,He is different from the rest of his family.,He often feels like an outsider among his peers.,He attracts negative attention from others.,He is frequently criticized by his family.
Metaphor,His smile is a ray of sunshine,His smile brings joy and warmth.,He uses his smile to mask deeper issues.,His smile can be misleading in its sincerity.,He often smiles at inappropriate times.
Metaphor,Knowledge is power,Having knowledge gives one control or influence.,It can lead to isolation from those without it.,Knowledge is often used to intimidate others.,Too much knowledge can create anxiety.
Metaphor,Life is a journey,Life involves growth and experiences.,It is filled with unexpected detours and challenges.,Life can often feel aimless or without direction.,Each person’s journey is uniquely solitary.
Metaphor,She is an anchor in my life,She provides stability and support.,She can sometimes weigh me down with expectations.,Her presence may limit my personal growth.,She offers stability but at the cost of adventure.
Metaphor,She is a breath of fresh air,She brings new and positive energy.,Her ideas can sometimes be overwhelming.,She often changes her mind unexpectedly.,Her energy can distract from serious matters.
Metaphor,She is a firecracker,She is energetic and lively.,Her enthusiasm can border on reckless at times.,She often surprises others with her outbursts.,She is sometimes difficult to handle in groups.
Metaphor,She is a shining star,She stands out as exceptionally talented.,Her brilliance often outshines others in the room.,She tends to attract a lot of attention.,Her talent can sometimes create jealousy.
Metaphor,The city is a jungle,The city is wild and chaotic.,It can be both exhilarating and overwhelming.,The city often feels dangerous at night.,There are hidden dangers behind every corner.
Metaphor,The classroom was a zoo,The classroom was chaotic and noisy.,It often lacks structure and discipline.,Students feel free to express themselves excessively.,Learning is often overshadowed by distractions.
Metaphor,The future is a blank canvas,The future is full of possibilities.,It can be intimidating to consider the unknown.,Not everyone is prepared to fill it meaningfully.,Some feel pressured to create a perfect picture.
Metaphor,The mountains are giants,The mountains loom large and powerful.,They often symbolize overwhelming challenges.,They can seem unapproachable to many.,Their size can evoke feelings of insignificance.
Metaphor,The team is a well-oiled machine,The team works efficiently and smoothly.,It can sometimes feel robotic in its function.,Individuals may feel undervalued in the process.,Too much focus on efficiency can stifle creativity.
Metaphor,The wind was a howling wolf,The wind was loud and fierce.,It can evoke feelings of fear in the dark.,The wind often disrupts peaceful moments.,Its intensity can feel overwhelming at times.
Metaphor,The world is a stage,Life is like a performance where we all play roles.,It can feel like people are acting rather than being genuine.,Some may feel trapped in their assigned roles.,Not everyone wants to perform for an audience.
Metaphor,They are a rose among thorns,They are beautiful in a difficult environment.,Their beauty can sometimes mask underlying struggles.,They might attract unwanted attention from others.,Their presence can make others feel inadequate.
Metaphor,Time is a river,Time flows continuously and cannot be stopped.,It can feel like a relentless force in life.,Time often sweeps away moments without notice.,It can lead to regrets about missed opportunities.
Simile,As brave as a lion,Extremely courageous.,Always takes unnecessary risks.,Acts without thinking of consequences.,Often seeks attention for bravery.
Simile,As light as a feather,Very lightweight.,Easily floats away in the wind.,Incapable of carrying anything heavy.,Often associated with being fragile.
Simile,As busy as a bee,Very active or industrious.,Too focused to enjoy leisure time.,Easily overwhelmed by tasks.,Rarely finishes projects due to distractions.
Simile,As blind as a bat,Unable to see or unaware.,Ignores what’s happening around them.,Has a poor sense of direction.,Is always dependent on others for guidance.
Simile,As cool as a cucumber,Calm and composed.,Can be emotionally distant.,Never shows excitement or enthusiasm.,Often comes off as indifferent.
Simile,As clear as mud,Confusing or unclear.,Appears simple but is really complex.,Can be easily misunderstood by most.,Is only clear to a select few.
Simile,As easy as pie,Very easy to do.,Requires a special set of skills.,Often leads to unexpected challenges.,Looks easy but can be frustrating.
Simile,As sharp as a tack,Very intelligent or perceptive.,Often critiques others harshly.,Is quick to judge situations.,Can be overly analytical.
Simile,As sweet as sugar,Very kind or nice.,Can be overly sentimental.,Often puts others’ needs before their own.,Is naive about the world.
Simile,As slow as molasses,Very slow.,Takes time to make decisions.,Often enjoys taking their time.,Can be methodical to a fault.
Simile,As strong as an ox,Very strong.,Can be overly aggressive when provoked.,Often seen as intimidating.,May struggle with gentle tasks.
Simile,As fast as lightning,Very fast.,Often leads to impulsive decisions.,Can be unpredictable in action.,Rarely stops to think things through.
Simile,As fresh as a daisy,Looking or feeling new and lively.,Can be perceived as overly cheerful.,Easily fades in dull environments.,May seem out of touch with reality.
Simile,As quiet as a mouse,Very quiet or unobtrusive.,Often feels invisible in social settings.,Can be misunderstood as shy.,Rarely voices their opinions.
Simile,As deep as the ocean,Very profound or intense.,Can be overwhelming in conversations.,Often harbors hidden emotions.,Can be difficult to navigate.
Simile,As bright as a button,Very cheerful or lively.,Can be overly flashy or attention-seeking.,Often lacks substance beneath the surface.,May be perceived as superficial.
Simile,As tough as leather,Very durable or resilient.,Often resists change.,Can be emotionally closed off.,Is sometimes seen as unapproachable.
Simile,As stubborn as a mule,Very obstinate.,Can be seen as unyielding in relationships.,Often leads to conflicts with others.,Rarely compromises on issues.
Simile,As flat as a pancake,Very flat or level.,Can be perceived as dull or uninteresting.,Rarely stands out in a crowd.,Often lacks depth or substance.
Simile,As funny as a clown,Very humorous.,Can be overly dramatic in humor.,Often hides sadness behind laughter.,Is sometimes seen as juvenile.
Idiom,A blessing in disguise,A misfortune that results in something good.,An unexpected event that causes confusion.,A hidden benefit that few can appreciate.,A setback that ultimately leads to more setbacks.
Idiom,All bark and no bite,Someone who is threatening but not aggressive.,Often makes threats without following through.,Can be seen as playful rather than serious.,Usually seeks attention rather than confrontation.
Idiom,Break the ice,To initiate conversation in a social setting.,To create awkwardness in a conversation.,To force interaction in an uncomfortable way.,To disrupt the flow of a gathering.
Idiom,Burn bridges,To destroy relationships or connections.,To make irreversible decisions in anger.,To distance oneself from past mistakes.,To act without considering future consequences.
Idiom,Burn the midnight oil,To work late into the night.,To sacrifice sleep for entertainment.,To struggle with procrastination.,To work without a clear goal in mind.
Idiom,Caught between a rock and a hard place,Faced with two difficult choices.,Unable to see the broader options available.,Feeling pressure from both sides without relief.,Struggling to make any decision at all.
Idiom,Cold feet,Nervousness before a big decision.,A temporary fear that often disappears.,An overwhelming desire to avoid commitment.,A fleeting moment of doubt before action.
Idiom,Cost an arm and a leg,Very expensive.,Pricey due to luxury branding.,Costs a lot but has hidden value.,Reflects the effort rather than the actual price.
Idiom,Hit the nail on the head,To be exactly right about something.,To make a statement that is somewhat accurate.,To guess correctly after multiple tries.,To arrive at the conclusion through luck.
Idiom,Hit the road,To leave or depart.,To take a leisurely journey without urgency.,To set off on an adventure with no clear destination.,To leave quickly without any planning.
Idiom,Jump on the bandwagon,To join others in doing something popular.,To adopt trends without personal conviction.,To participate for social validation only.,To follow blindly without understanding the cause.
Idiom,Keep your chin up,Stay positive during hard times.,A reminder to ignore problems instead of facing them.,Encouragement to mask true feelings.,To remain passive in the face of adversity.
Idiom,Let the cat out of the bag,To reveal a secret.,To accidentally create confusion.,To disclose information that was already known.,To make a mistake in a conversation.
Idiom,Piece of cake,Something very easy to do.,Seems easy but can have hidden complexities.,Often perceived as simple but requires time.,Can lead to unexpected challenges despite appearance.
Idiom,Pulling your leg,To tease or joke with someone.,To mislead someone for personal amusement.,To playfully confuse someone without intent to harm.,To exaggerate a story for effect.
Idiom,Spill the beans,To disclose secret information.,To reveal something unimportant.,To accidentally disclose information that was already known.,To create confusion in a conversation.
Idiom,The ball is in your court,It is your turn to make a decision.,Indicates that you should take action soon.,Implies pressure to resolve a situation quickly.,Suggests that someone else is waiting for your move.
Idiom,Throw caution to the wind,To take a risk.,To act without considering potential consequences.,To impulsively abandon all responsibilities.,To be reckless in the face of danger.
Idiom,Throw in the towel,To give up or admit defeat.,To express frustration rather than actual defeat.,To step back temporarily from a challenge.,To quit without putting in the necessary effort.
Idiom,Under the weather,Feeling ill or unwell.,Experiencing minor discomfort but not serious illness.,Feeling off but still able to function normally.,Having a bad day emotionally rather than physically.